ticket_id,title,category,priority,status,opened_at,closed_at,sla_target_hours,assigned_to,vendor
TCK-1000,hardware issue #0,hardware,P1,closed,2026-06-20T00:00:00,2026-06-20T00:49:03.846166,4,engineer_c,
TCK-1001,network issue #1,network,P3,closed,2026-06-15T20:00:00,2026-06-16T07:09:46.787684,24,engineer_a,
TCK-1002,email issue #2,email,P4,closed,2026-07-04T22:00:00,2026-07-05T16:23:15.585141,72,engineer_a,vendor_x
TCK-1003,access issue #3,access,P3,closed,2026-08-12T03:00:00,2026-08-12T05:39:23.892604,24,engineer_b,vendor_x
TCK-1004,email issue #4,email,P4,closed,2026-08-01T06:00:00,2026-08-02T12:02:27.671146,72,engineer_a,vendor_y
TCK-1005,email issue #5,email,P3,open,2026-06-14T10:00:00,,24,engineer_b,
TCK-1006,network issue #6,network,P4,closed,2026-07-03T19:00:00,2026-07-06T10:50:59.077603,72,engineer_a,vendor_x
TCK-1007,hardware issue #7,hardware,P3,closed,2026-08-04T20:00:00,2026-08-05T10:38:26.506246,24,engineer_c,
TCK-1008,access issue #8,access,P3,closed,2026-06-13T04:00:00,2026-06-13T14:15:13.285692,24,engineer_b,
TCK-1009,network issue #9,network,P3,closed,2026-07-08T11:00:00,2026-07-08T18:09:21.813531,24,engineer_b,vendor_x
TCK-1010,email issue #10,email,P4,open,2026-07-07T00:00:00,,72,engineer_b,vendor_x
TCK-1011,software issue #11,software,P3,closed,2026-08-25T04:00:00,2026-08-25T20:13:09.363080,24,engineer_c,vendor_y
TCK-1012,software issue #12,software,P4,closed,2026-08-13T02:00:00,2026-08-13T22:21:02.179411,72,engineer_b,vendor_x
TCK-1013,access issue #13,access,P4,closed,2026-06-09T00:00:00,2026-06-10T03:38:41.589115,72,engineer_a,vendor_y
TCK-1014,software issue #14,software,P3,closed,2026-08-05T03:00:00,2026-08-06T20:23:13.329082,24,engineer_a,
TCK-1015,email issue #15,email,P3,closed,2026-06-20T13:00:00,2026-06-20T20:40:39.728931,24,engineer_b,vendor_y
TCK-1016,hardware issue #16,hardware,P3,open,2026-06-27T23:00:00,,24,engineer_a,
TCK-1017,hardware issue #17,hardware,P4,closed,2026-06-19T03:00:00,2026-06-19T16:17:23.941837,72,engineer_b,vendor_x
TCK-1018,software issue #18,software,P3,closed,2026-06-01T02:00:00,2026-06-02T20:14:21.441108,24,engineer_b,vendor_x
TCK-1019,email issue #19,email,P3,open,2026-06-10T21:00:00,,24,engineer_a,
TCK-1020,email issue #20,email,P4,closed,2026-08-22T22:00:00,2026-08-24T05:03:38.364882,72,engineer_c,vendor_x
TCK-1021,email issue #21,email,P3,closed,2026-07-16T05:00:00,2026-07-16T16:52:44.930904,24,engineer_c,
TCK-1022,software issue #22,software,P4,open,2026-07-05T07:00:00,,72,engineer_c,vendor_y
TCK-1023,software issue #23,software,P4,closed,2026-08-14T18:00:00,2026-08-15T16:14:20.045926,72,engineer_c,
TCK-1024,network issue #24,network,P3,closed,2026-07-10T06:00:00,2026-07-10T11:19:50.417898,24,engineer_a,vendor_y
TCK-1025,hardware issue #25,hardware,P3,closed,2026-06-13T02:00:00,2026-06-13T05:17:30.408029,24,engineer_c,
TCK-1026,software issue #26,software,P3,closed,2026-08-20T16:00:00,2026-08-21T01:35:42.647816,24,engineer_b,vendor_y
TCK-1027,network issue #27,network,P4,closed,2026-08-19T16:00:00,2026-08-21T19:58:41.154414,72,engineer_a,vendor_x
TCK-1028,software issue #28,software,P2,closed,2026-07-03T16:00:00,2026-07-03T19:35:58.589010,8,engineer_a,vendor_y
TCK-1029,email issue #29,email,P2,closed,2026-06-17T17:00:00,2026-06-18T07:51:31.277652,8,engineer_a,vendor_x
TCK-1030,access issue #30,access,P3,open,2026-08-09T08:00:00,,24,engineer_a,vendor_x
TCK-1031,software issue #31,software,P1,closed,2026-08-04T16:00:00,2026-08-04T17:54:37.893380,4,engineer_b,
TCK-1032,network issue #32,network,P2,closed,2026-08-23T01:00:00,2026-08-23T06:30:41.170516,8,engineer_a,vendor_x
TCK-1033,access issue #33,access,P3,closed,2026-08-21T08:00:00,2026-08-22T02:27:47.979744,24,engineer_a,
TCK-1034,access issue #34,access,P3,closed,2026-06-12T14:00:00,2026-06-13T17:33:34.495134,24,engineer_c,
TCK-1035,software issue #35,software,P3,closed,2026-06-07T18:00:00,2026-06-08T01:10:31.453500,24,engineer_b,vendor_x
TCK-1036,software issue #36,software,P3,closed,2026-07-24T14:00:00,2026-07-25T00:08:50.778532,24,engineer_a,vendor_x
TCK-1037,network issue #37,network,P3,closed,2026-08-18T05:00:00,2026-08-18T11:05:44.623504,24,engineer_b,vendor_x
TCK-1038,access issue #38,access,P3,closed,2026-07-12T16:00:00,2026-07-12T22:52:59.202181,24,engineer_c,
TCK-1039,email issue #39,email,P3,closed,2026-06-02T08:00:00,2026-06-03T04:18:41.123098,24,engineer_a,vendor_y
TCK-1040,email issue #40,email,P4,closed,2026-06-20T16:00:00,2026-06-21T06:02:36.552495,72,engineer_b,vendor_x
TCK-1041,hardware issue #41,hardware,P3,open,2026-07-16T01:00:00,,24,engineer_a,vendor_x
TCK-1042,network issue #42,network,P4,closed,2026-08-12T06:00:00,2026-08-13T23:27:59.004578,72,engineer_b,vendor_x
TCK-1043,software issue #43,software,P3,closed,2026-08-15T09:00:00,2026-08-16T05:26:26.069330,24,engineer_c,vendor_x
TCK-1044,email issue #44,email,P4,closed,2026-06-07T03:00:00,2026-06-07T06:11:22.544089,72,engineer_b,vendor_x
TCK-1045,access issue #45,access,P3,closed,2026-08-01T01:00:00,2026-08-01T13:18:48.752114,24,engineer_b,
TCK-1046,access issue #46,access,P4,open,2026-06-27T09:00:00,,72,engineer_a,vendor_y
TCK-1047,hardware issue #47,hardware,P2,closed,2026-06-05T05:00:00,2026-06-05T09:59:18.159958,8,engineer_c,vendor_x
TCK-1048,network issue #48,network,P2,closed,2026-07-16T12:00:00,2026-07-16T15:39:13.043309,8,engineer_a,vendor_y
TCK-1049,access issue #49,access,P3,closed,2026-07-30T16:00:00,2026-07-31T00:54:27.475732,24,engineer_b,vendor_x
TCK-1050,email issue #50,email,P3,closed,2026-07-18T15:00:00,2026-07-19T16:58:12.890254,24,engineer_a,vendor_x
TCK-1051,hardware issue #51,hardware,P2,closed,2026-07-15T13:00:00,2026-07-15T15:48:57.973134,8,engineer_b,vendor_y
TCK-1052,access issue #52,access,P2,closed,2026-08-27T06:00:00,2026-08-27T06:30:40.793631,8,engineer_c,
TCK-1053,network issue #53,network,P3,open,2026-07-04T15:00:00,,24,engineer_b,
TCK-1054,network issue #54,network,P3,closed,2026-07-24T13:00:00,2026-07-24T20:01:33.262941,24,engineer_b,vendor_y
TCK-1055,email issue #55,email,P3,closed,2026-08-08T16:00:00,2026-08-09T12:20:30.024429,24,engineer_c,
TCK-1056,hardware issue #56,hardware,P3,closed,2026-06-30T16:00:00,2026-07-01T06:56:02.616325,24,engineer_a,vendor_y
TCK-1057,software issue #57,software,P3,closed,2026-07-25T23:00:00,2026-07-26T16:14:52.140916,24,engineer_c,vendor_x
TCK-1058,email issue #58,email,P3,closed,2026-06-15T11:00:00,2026-06-16T23:10:44.621519,24,engineer_c,vendor_y
TCK-1059,access issue #59,access,P4,closed,2026-07-09T08:00:00,2026-07-10T15:03:04.560960,72,engineer_a,vendor_y
TCK-1060,email issue #60,email,P4,closed,2026-08-10T17:00:00,2026-08-12T01:17:18.427083,72,engineer_a,vendor_x
TCK-1061,network issue #61,network,P4,closed,2026-06-01T22:00:00,2026-06-04T02:12:15.349507,72,engineer_c,
TCK-1062,network issue #62,network,P2,closed,2026-08-19T06:00:00,2026-08-19T16:50:50.837478,8,engineer_c,
TCK-1063,software issue #63,software,P4,closed,2026-07-25T03:00:00,2026-07-26T11:57:26.049594,72,engineer_c,vendor_y
TCK-1064,software issue #64,software,P4,closed,2026-06-28T03:00:00,2026-06-30T09:30:11.461278,72,engineer_b,
TCK-1065,network issue #65,network,P3,closed,2026-08-22T16:00:00,2026-08-22T23:35:10.978882,24,engineer_c,vendor_x
TCK-1066,software issue #66,software,P2,closed,2026-06-24T14:00:00,2026-06-24T14:55:49.199879,8,engineer_b,vendor_y
TCK-1067,access issue #67,access,P3,closed,2026-08-19T12:00:00,2026-08-20T08:27:42.872072,24,engineer_a,
TCK-1068,hardware issue #68,hardware,P3,closed,2026-08-04T22:00:00,2026-08-05T17:18:49.091528,24,engineer_b,
TCK-1069,hardware issue #69,hardware,P3,closed,2026-07-08T15:00:00,2026-07-08T22:35:32.400139,24,engineer_c,vendor_y
TCK-1070,access issue #70,access,P4,open,2026-06-29T04:00:00,,72,engineer_c,vendor_x
TCK-1071,network issue #71,network,P3,closed,2026-08-07T05:00:00,2026-08-07T23:47:26.028971,24,engineer_a,vendor_x
TCK-1072,access issue #72,access,P3,closed,2026-07-15T09:00:00,2026-07-16T04:03:37.453337,24,engineer_b,vendor_y
TCK-1073,software issue #73,software,P4,closed,2026-07-14T01:00:00,2026-07-16T17:47:38.664143,72,engineer_b,vendor_x
TCK-1074,network issue #74,network,P4,closed,2026-06-12T17:00:00,2026-06-13T22:06:29.728508,72,engineer_a,
TCK-1075,software issue #75,software,P3,closed,2026-06-27T00:00:00,2026-06-27T05:05:56.586527,24,engineer_c,vendor_y
TCK-1076,email issue #76,email,P2,open,2026-08-02T22:00:00,,8,engineer_c,vendor_x
TCK-1077,network issue #77,network,P4,closed,2026-06-28T22:00:00,2026-07-02T09:07:36.589898,72,engineer_b,vendor_y
TCK-1078,access issue #78,access,P2,closed,2026-07-04T20:00:00,2026-07-05T02:11:49.072927,8,engineer_c,vendor_x
TCK-1079,software issue #79,software,P3,closed,2026-06-08T00:00:00,2026-06-08T14:09:47.385578,24,engineer_a,vendor_y
TCK-1080,software issue #80,software,P2,closed,2026-08-23T15:00:00,2026-08-23T20:24:59.142733,8,engineer_c,vendor_y
TCK-1081,email issue #81,email,P3,closed,2026-08-22T12:00:00,2026-08-24T03:57:35.004230,24,engineer_a,vendor_y
TCK-1082,email issue #82,email,P3,closed,2026-08-16T22:00:00,2026-08-17T08:55:47.522015,24,engineer_b,vendor_x
TCK-1083,hardware issue #83,hardware,P3,closed,2026-08-23T05:00:00,2026-08-24T00:04:12.953946,24,engineer_c,vendor_x
TCK-1084,access issue #84,access,P4,closed,2026-08-28T04:00:00,2026-08-30T00:54:22.249895,72,engineer_c,
TCK-1085,access issue #85,access,P3,closed,2026-08-23T18:00:00,2026-08-24T00:57:39.410049,24,engineer_c,vendor_y
TCK-1086,access issue #86,access,P3,closed,2026-08-20T18:00:00,2026-08-21T00:58:11.082423,24,engineer_a,vendor_x
TCK-1087,email issue #87,email,P3,open,2026-07-03T20:00:00,,24,engineer_c,vendor_x
TCK-1088,software issue #88,software,P3,closed,2026-07-03T16:00:00,2026-07-04T08:32:25.391733,24,engineer_c,vendor_y
TCK-1089,hardware issue #89,hardware,P4,closed,2026-06-18T03:00:00,2026-06-18T04:24:35.064052,72,engineer_c,vendor_x
TCK-1090,network issue #90,network,P1,closed,2026-07-17T19:00:00,2026-07-17T19:53:29.279141,4,engineer_b,vendor_x
TCK-1091,software issue #91,software,P3,closed,2026-06-03T02:00:00,2026-06-03T22:52:19.200973,24,engineer_b,vendor_y
TCK-1092,software issue #92,software,P4,closed,2026-06-20T11:00:00,2026-06-22T07:38:19.681706,72,engineer_a,vendor_x
TCK-1093,access issue #93,access,P2,closed,2026-07-22T20:00:00,2026-07-23T00:33:44.381748,8,engineer_c,vendor_x
TCK-1094,hardware issue #94,hardware,P3,open,2026-08-29T04:00:00,,24,engineer_b,vendor_y
TCK-1095,network issue #95,network,P3,open,2026-06-11T06:00:00,,24,engineer_a,
TCK-1096,network issue #96,network,P3,closed,2026-07-07T00:00:00,2026-07-07T02:05:01.927442,24,engineer_a,vendor_y
TCK-1097,network issue #97,network,P3,closed,2026-08-16T21:00:00,2026-08-17T12:19:58.934913,24,engineer_b,vendor_x
TCK-1098,email issue #98,email,P4,closed,2026-07-10T20:00:00,2026-07-13T09:30:26.789889,72,engineer_c,vendor_x
TCK-1099,access issue #99,access,P4,closed,2026-06-26T10:00:00,2026-06-27T06:16:45.982384,72,engineer_c,
TCK-1100,software issue #100,software,P3,closed,2026-07-20T06:00:00,2026-07-21T02:23:25.687247,24,engineer_c,
TCK-1101,software issue #101,software,P3,closed,2026-08-24T06:00:00,2026-08-24T07:02:44.697226,24,engineer_a,
TCK-1102,hardware issue #102,hardware,P4,closed,2026-06-04T12:00:00,2026-06-04T23:45:53.149703,72,engineer_c,
TCK-1103,access issue #103,access,P4,open,2026-08-15T11:00:00,,72,engineer_b,
TCK-1104,software issue #104,software,P4,closed,2026-08-23T22:00:00,2026-08-26T05:39:08.056692,72,engineer_b,vendor_y
TCK-1105,email issue #105,email,P3,closed,2026-08-24T13:00:00,2026-08-24T18:49:32.216718,24,engineer_a,vendor_y
TCK-1106,access issue #106,access,P4,closed,2026-08-27T19:00:00,2026-08-28T18:45:44.686056,72,engineer_b,
TCK-1107,access issue #107,access,P4,closed,2026-08-15T10:00:00,2026-08-16T05:01:12.986482,72,engineer_c,vendor_y
TCK-1108,email issue #108,email,P1,closed,2026-06-21T17:00:00,2026-06-21T18:27:47.971544,4,engineer_a,
TCK-1109,network issue #109,network,P2,closed,2026-08-09T15:00:00,2026-08-09T21:04:31.293351,8,engineer_b,
TCK-1110,hardware issue #110,hardware,P3,closed,2026-07-20T19:00:00,2026-07-21T05:27:49.814633,24,engineer_b,
TCK-1111,email issue #111,email,P3,closed,2026-06-25T16:00:00,2026-06-27T09:32:28.605787,24,engineer_b,vendor_y
TCK-1112,email issue #112,email,P4,closed,2026-07-29T00:00:00,2026-07-30T23:11:06.281455,72,engineer_c,
TCK-1113,software issue #113,software,P4,closed,2026-08-23T13:00:00,2026-08-25T00:26:33.190974,72,engineer_b,vendor_y
TCK-1114,access issue #114,access,P4,closed,2026-07-03T04:00:00,2026-07-05T06:22:03.035096,72,engineer_a,vendor_y
TCK-1115,software issue #115,software,P4,open,2026-08-20T17:00:00,,72,engineer_c,vendor_x
TCK-1116,access issue #116,access,P4,open,2026-08-24T12:00:00,,72,engineer_b,vendor_x
TCK-1117,network issue #117,network,P4,closed,2026-08-29T18:00:00,2026-08-30T04:25:31.534921,72,engineer_b,vendor_y
TCK-1118,software issue #118,software,P3,closed,2026-07-28T18:00:00,2026-07-30T10:59:10.368553,24,engineer_c,vendor_y
TCK-1119,software issue #119,software,P3,open,2026-07-25T01:00:00,,24,engineer_a,
TCK-1120,hardware issue #120,hardware,P3,open,2026-06-12T16:00:00,,24,engineer_c,vendor_x
TCK-1121,network issue #121,network,P4,closed,2026-08-14T01:00:00,2026-08-16T11:35:24.601883,72,engineer_a,vendor_y
TCK-1122,hardware issue #122,hardware,P3,closed,2026-06-10T13:00:00,2026-06-10T22:11:39.450852,24,engineer_c,vendor_x
TCK-1123,email issue #123,email,P2,open,2026-06-30T00:00:00,,8,engineer_c,
TCK-1124,email issue #124,email,P3,closed,2026-07-12T02:00:00,2026-07-12T07:51:32.118702,24,engineer_b,
TCK-1125,software issue #125,software,P4,open,2026-06-02T14:00:00,,72,engineer_c,
TCK-1126,hardware issue #126,hardware,P2,open,2026-06-27T23:00:00,,8,engineer_b,
TCK-1127,software issue #127,software,P3,closed,2026-08-12T09:00:00,2026-08-12T17:37:01.299192,24,engineer_b,vendor_x
TCK-1128,hardware issue #128,hardware,P3,closed,2026-07-11T11:00:00,2026-07-12T01:31:24.458914,24,engineer_c,vendor_y
TCK-1129,network issue #129,network,P1,open,2026-07-17T20:00:00,,4,engineer_c,vendor_y
TCK-1130,access issue #130,access,P4,closed,2026-07-19T20:00:00,2026-07-21T13:26:04.306401,72,engineer_c,vendor_y
TCK-1131,network issue #131,network,P3,closed,2026-06-24T08:00:00,2026-06-24T20:43:44.426256,24,engineer_c,vendor_x
TCK-1132,hardware issue #132,hardware,P4,closed,2026-06-16T09:00:00,2026-06-16T17:59:52.349982,72,engineer_c,vendor_y
TCK-1133,hardware issue #133,hardware,P4,open,2026-08-25T15:00:00,,72,engineer_b,vendor_y
TCK-1134,software issue #134,software,P4,open,2026-07-28T19:00:00,,72,engineer_a,vendor_x
TCK-1135,email issue #135,email,P4,closed,2026-08-07T19:00:00,2026-08-07T20:23:41.890283,72,engineer_c,vendor_x
TCK-1136,hardware issue #136,hardware,P3,closed,2026-08-17T14:00:00,2026-08-19T11:09:49.913494,24,engineer_a,
TCK-1137,email issue #137,email,P3,open,2026-07-10T21:00:00,,24,engineer_c,vendor_y
TCK-1138,software issue #138,software,P3,open,2026-07-08T18:00:00,,24,engineer_b,
TCK-1139,network issue #139,network,P2,open,2026-08-09T16:00:00,,8,engineer_b,vendor_y
TCK-1140,email issue #140,email,P2,closed,2026-06-20T19:00:00,2026-06-20T23:59:32.127599,8,engineer_c,
TCK-1141,access issue #141,access,P3,open,2026-08-11T12:00:00,,24,engineer_c,vendor_x
TCK-1142,hardware issue #142,hardware,P3,closed,2026-08-23T12:00:00,2026-08-23T21:51:19.379217,24,engineer_a,vendor_y
TCK-1143,hardware issue #143,hardware,P4,closed,2026-06-17T22:00:00,2026-06-20T01:58:10.906370,72,engineer_b,vendor_y
TCK-1144,software issue #144,software,P4,closed,2026-07-03T09:00:00,2026-07-05T02:37:09.820781,72,engineer_a,vendor_x
TCK-1145,access issue #145,access,P3,closed,2026-07-27T22:00:00,2026-07-28T16:00:32.962915,24,engineer_c,vendor_x
TCK-1146,access issue #146,access,P4,closed,2026-07-07T20:00:00,2026-07-10T06:24:14.924128,72,engineer_a,vendor_y
TCK-1147,email issue #147,email,P4,closed,2026-06-25T16:00:00,2026-06-27T11:00:21.623108,72,engineer_a,vendor_x
TCK-1148,access issue #148,access,P3,closed,2026-06-03T12:00:00,2026-06-03T18:05:57.315932,24,engineer_a,
TCK-1149,network issue #149,network,P3,closed,2026-08-11T20:00:00,2026-08-12T07:19:45.555260,24,engineer_a,vendor_y
TCK-1150,email issue #150,email,P3,closed,2026-08-25T23:00:00,2026-08-26T00:09:26.202577,24,engineer_b,vendor_y
TCK-1151,software issue #151,software,P3,closed,2026-08-12T18:00:00,2026-08-13T13:28:28.303479,24,engineer_b,
TCK-1152,hardware issue #152,hardware,P2,closed,2026-06-26T07:00:00,2026-06-26T12:16:17.125450,8,engineer_b,
TCK-1153,email issue #153,email,P3,closed,2026-07-21T07:00:00,2026-07-21T09:54:50.892942,24,engineer_c,
TCK-1154,access issue #154,access,P3,closed,2026-07-07T16:00:00,2026-07-08T11:26:22.861508,24,engineer_c,vendor_x
TCK-1155,hardware issue #155,hardware,P3,closed,2026-07-24T08:00:00,2026-07-25T03:58:29.943314,24,engineer_a,vendor_x
TCK-1156,network issue #156,network,P2,closed,2026-06-15T13:00:00,2026-06-15T14:22:18.384740,8,engineer_a,
TCK-1157,software issue #157,software,P3,closed,2026-07-27T06:00:00,2026-07-27T22:19:51.591649,24,engineer_c,vendor_x
TCK-1158,hardware issue #158,hardware,P3,closed,2026-07-20T02:00:00,2026-07-20T05:45:53.304158,24,engineer_b,vendor_x
TCK-1159,email issue #159,email,P3,closed,2026-06-19T11:00:00,2026-06-19T23:36:48.636329,24,engineer_b,
TCK-1160,hardware issue #160,hardware,P3,closed,2026-06-05T11:00:00,2026-06-06T03:35:12.626986,24,engineer_b,vendor_y
TCK-1161,access issue #161,access,P2,closed,2026-06-02T01:00:00,2026-06-02T02:27:02.016658,8,engineer_c,vendor_x
TCK-1162,access issue #162,access,P4,closed,2026-06-16T15:00:00,2026-06-17T01:37:17.099173,72,engineer_b,
TCK-1163,email issue #163,email,P4,closed,2026-07-26T08:00:00,2026-07-27T06:49:32.578099,72,engineer_c,vendor_x
TCK-1164,software issue #164,software,P3,closed,2026-06-14T22:00:00,2026-06-15T04:15:49.753498,24,engineer_c,vendor_x
TCK-1165,hardware issue #165,hardware,P3,closed,2026-07-29T21:00:00,2026-07-30T08:37:05.914779,24,engineer_b,vendor_x
TCK-1166,email issue #166,email,P3,closed,2026-07-08T15:00:00,2026-07-09T11:26:46.817666,24,engineer_a,vendor_y
TCK-1167,network issue #167,network,P3,closed,2026-07-20T09:00:00,2026-07-20T12:13:32.945906,24,engineer_c,
TCK-1168,hardware issue #168,hardware,P3,closed,2026-07-10T06:00:00,2026-07-10T08:30:33.686727,24,engineer_a,vendor_y
TCK-1169,email issue #169,email,P4,closed,2026-06-14T06:00:00,2026-06-15T23:39:39.993551,72,engineer_b,vendor_x
TCK-1170,hardware issue #170,hardware,P1,closed,2026-08-09T03:00:00,2026-08-09T06:57:02.616351,4,engineer_c,vendor_y
TCK-1171,network issue #171,network,P3,closed,2026-06-16T00:00:00,2026-06-16T11:33:20.194766,24,engineer_b,vendor_y
TCK-1172,access issue #172,access,P3,closed,2026-07-28T22:00:00,2026-07-29T09:41:44.742186,24,engineer_a,vendor_y
TCK-1173,access issue #173,access,P4,closed,2026-07-30T22:00:00,2026-07-31T11:11:04.476918,72,engineer_c,vendor_x
TCK-1174,software issue #174,software,P2,closed,2026-06-13T20:00:00,2026-06-14T00:22:56.770324,8,engineer_c,
TCK-1175,hardware issue #175,hardware,P4,closed,2026-07-26T03:00:00,2026-07-27T07:56:02.322617,72,engineer_b,vendor_y
TCK-1176,network issue #176,network,P3,closed,2026-06-10T14:00:00,2026-06-10T15:42:01.368261,24,engineer_b,vendor_x
TCK-1177,email issue #177,email,P3,closed,2026-06-16T09:00:00,2026-06-17T05:38:03.422972,24,engineer_c,vendor_x
TCK-1178,access issue #178,access,P4,closed,2026-08-16T18:00:00,2026-08-17T04:12:01.322034,72,engineer_a,vendor_y
TCK-1179,hardware issue #179,hardware,P4,open,2026-06-18T15:00:00,,72,engineer_a,
TCK-1180,software issue #180,software,P1,open,2026-06-30T10:00:00,,4,engineer_c,
TCK-1181,hardware issue #181,hardware,P3,closed,2026-06-28T02:00:00,2026-06-28T16:49:29.070854,24,engineer_a,
TCK-1182,network issue #182,network,P2,closed,2026-07-28T02:00:00,2026-07-28T04:11:18.138333,8,engineer_c,
TCK-1183,email issue #183,email,P3,closed,2026-06-26T15:00:00,2026-06-27T06:14:09.627121,24,engineer_c,
TCK-1184,network issue #184,network,P2,closed,2026-08-06T21:00:00,2026-08-07T02:48:14.886424,8,engineer_a,
TCK-1185,email issue #185,email,P2,closed,2026-08-29T20:00:00,2026-08-29T21:42:27.941700,8,engineer_a,vendor_y
TCK-1186,access issue #186,access,P2,closed,2026-08-22T23:00:00,2026-08-23T01:04:03.654613,8,engineer_c,
TCK-1187,network issue #187,network,P1,closed,2026-08-29T20:00:00,2026-08-29T21:03:38.240994,4,engineer_c,
TCK-1188,network issue #188,network,P4,closed,2026-06-29T06:00:00,2026-06-29T21:46:23.491031,72,engineer_b,
TCK-1189,software issue #189,software,P4,closed,2026-07-19T15:00:00,2026-07-22T05:35:16.309578,72,engineer_b,vendor_x
TCK-1190,email issue #190,email,P3,open,2026-08-02T18:00:00,,24,engineer_b,vendor_y
TCK-1191,software issue #191,software,P3,open,2026-08-05T04:00:00,,24,engineer_a,
TCK-1192,network issue #192,network,P4,closed,2026-06-24T14:00:00,2026-06-27T22:04:35.749086,72,engineer_a,
TCK-1193,network issue #193,network,P4,closed,2026-08-28T01:00:00,2026-08-28T22:38:40.315685,72,engineer_b,vendor_x
TCK-1194,hardware issue #194,hardware,P4,open,2026-07-08T21:00:00,,72,engineer_b,vendor_x
TCK-1195,access issue #195,access,P3,closed,2026-08-07T15:00:00,2026-08-07T20:14:15.964104,24,engineer_b,vendor_x
TCK-1196,access issue #196,access,P4,closed,2026-07-28T05:00:00,2026-07-31T01:17:50.218413,72,engineer_a,
TCK-1197,network issue #197,network,P3,closed,2026-08-20T01:00:00,2026-08-20T04:39:17.510257,24,engineer_c,
TCK-1198,hardware issue #198,hardware,P2,closed,2026-08-12T05:00:00,2026-08-12T07:05:51.160823,8,engineer_c,
TCK-1199,software issue #199,software,P2,closed,2026-08-18T00:00:00,2026-08-18T03:57:10.862613,8,engineer_a,
TCK-1200,network issue #200,network,P3,closed,2026-06-25T12:00:00,2026-06-25T21:17:22.474532,24,engineer_c,
TCK-1201,hardware issue #201,hardware,P3,closed,2026-06-15T14:00:00,2026-06-16T01:12:16.611832,24,engineer_c,
TCK-1202,software issue #202,software,P3,closed,2026-06-04T11:00:00,2026-06-04T19:22:36.049324,24,engineer_c,vendor_x
TCK-1203,hardware issue #203,hardware,P4,closed,2026-07-31T22:00:00,2026-08-01T05:09:56.112049,72,engineer_c,
TCK-1204,hardware issue #204,hardware,P2,closed,2026-07-27T17:00:00,2026-07-27T20:12:49.973289,8,engineer_c,vendor_y
TCK-1205,network issue #205,network,P3,closed,2026-08-21T16:00:00,2026-08-21T18:15:24.228124,24,engineer_a,vendor_x
TCK-1206,hardware issue #206,hardware,P4,open,2026-07-05T01:00:00,,72,engineer_c,vendor_y
TCK-1207,access issue #207,access,P3,closed,2026-08-20T19:00:00,2026-08-20T21:46:14.489856,24,engineer_c,vendor_y
TCK-1208,hardware issue #208,hardware,P2,closed,2026-07-17T15:00:00,2026-07-17T18:26:46.447605,8,engineer_b,vendor_y
TCK-1209,software issue #209,software,P3,closed,2026-07-02T21:00:00,2026-07-03T03:07:40.104053,24,engineer_a,
TCK-1210,email issue #210,email,P2,open,2026-08-12T10:00:00,,8,engineer_a,
TCK-1211,network issue #211,network,P3,closed,2026-07-21T03:00:00,2026-07-21T12:54:31.761365,24,engineer_c,vendor_y
TCK-1212,hardware issue #212,hardware,P3,closed,2026-06-29T10:00:00,2026-06-30T05:44:05.685255,24,engineer_c,vendor_y
TCK-1213,network issue #213,network,P3,closed,2026-07-17T20:00:00,2026-07-18T04:09:57.113484,24,engineer_c,
TCK-1214,access issue #214,access,P4,closed,2026-06-28T07:00:00,2026-06-29T11:40:28.245517,72,engineer_a,vendor_x
TCK-1215,hardware issue #215,hardware,P4,closed,2026-07-11T06:00:00,2026-07-11T11:08:50.258368,72,engineer_a,
TCK-1216,network issue #216,network,P4,closed,2026-08-16T18:00:00,2026-08-17T20:05:36.920957,72,engineer_c,vendor_y
TCK-1217,network issue #217,network,P4,closed,2026-07-13T14:00:00,2026-07-14T15:22:59.838731,72,engineer_c,vendor_x
TCK-1218,software issue #218,software,P4,closed,2026-07-15T16:00:00,2026-07-17T13:07:22.638788,72,engineer_b,vendor_x
TCK-1219,network issue #219,network,P2,closed,2026-06-21T22:00:00,2026-06-22T05:23:57.204555,8,engineer_a,
