site,sample_date,bandwidth_mbps_committed,bandwidth_mbps_measured,latency_ms,packet_loss_pct,uptime_pct,circuit_provider
site_a,2026-08-27,100,101.6,24.7,0.27,99.85,isp_alpha
site_b,2026-08-27,200,193.2,10.8,0.12,99.58,isp_beta
site_c,2026-08-27,50,34.6,75.0,0.85,97.48,isp_alpha
site_d,2026-08-27,100,92.7,24.7,0.32,99.62,isp_gamma
site_a,2026-08-28,100,95.9,12.2,0.23,99.73,isp_alpha
site_b,2026-08-28,200,203.6,7.6,0.35,99.53,isp_beta
site_c,2026-08-28,50,31.5,75.8,1.46,97.61,isp_alpha
site_d,2026-08-28,100,94.9,16.5,0.05,99.66,isp_gamma
site_a,2026-08-29,100,90.9,14.3,0.21,99.56,isp_alpha
site_b,2026-08-29,200,199.9,16.0,0.24,99.88,isp_beta
site_c,2026-08-29,50,28.8,65.1,2.24,98.74,isp_alpha
site_d,2026-08-29,100,96.2,11.1,0.06,99.97,isp_gamma
site_a,2026-08-30,100,92.7,23.9,0.21,99.64,isp_alpha
site_b,2026-08-30,200,181.9,8.9,0.38,99.64,isp_beta
site_c,2026-08-30,50,33.8,70.7,0.69,98.23,isp_alpha
site_d,2026-08-30,100,97.1,16.6,0.07,99.81,isp_gamma
site_a,2026-08-31,100,100.8,11.8,0.37,99.52,isp_alpha
site_b,2026-08-31,200,200.7,6.6,0.38,99.89,isp_beta
site_c,2026-08-31,50,30.1,50.5,1.64,98.17,isp_alpha
site_d,2026-08-31,100,90.4,22.8,0.22,99.82,isp_gamma
site_a,2026-09-01,100,93.6,9.9,0.32,99.7,isp_alpha
site_b,2026-09-01,200,190.9,18.8,0.06,99.71,isp_beta
site_c,2026-09-01,50,32.1,57.0,0.79,98.83,isp_alpha
site_d,2026-09-01,100,93.8,24.8,0.14,99.7,isp_gamma
site_a,2026-09-02,100,99.1,15.3,0.04,99.62,isp_alpha
site_b,2026-09-02,200,182.9,14.0,0.06,99.53,isp_beta
site_c,2026-09-02,50,37.0,83.2,1.34,99.1,isp_alpha
site_d,2026-09-02,100,100.8,21.3,0.37,99.86,isp_gamma
site_a,2026-09-03,100,92.3,8.2,0.4,99.73,isp_alpha
site_b,2026-09-03,200,201.1,14.9,0.04,99.7,isp_beta
site_c,2026-09-03,50,32.1,52.0,1.67,96.63,isp_alpha
site_d,2026-09-03,100,93.4,17.0,0.34,99.84,isp_gamma
site_a,2026-09-04,100,93.4,5.2,0.04,99.57,isp_alpha
site_b,2026-09-04,200,186.3,12.3,0.16,99.52,isp_beta
site_c,2026-09-04,50,28.0,68.1,1.23,97.28,isp_alpha
site_d,2026-09-04,100,94.6,14.0,0.22,99.91,isp_gamma
site_a,2026-09-05,100,97.5,17.2,0.05,99.55,isp_alpha
site_b,2026-09-05,200,189.0,24.7,0.22,99.68,isp_beta
site_c,2026-09-05,50,28.9,70.1,1.3,96.61,isp_alpha
site_d,2026-09-05,100,90.5,19.3,0.32,99.76,isp_gamma
site_a,2026-09-06,100,91.8,22.9,0.06,99.97,isp_alpha
site_b,2026-09-06,200,187.6,12.9,0.25,99.92,isp_beta
site_c,2026-09-06,50,33.4,65.4,1.52,97.82,isp_alpha
site_d,2026-09-06,100,96.8,14.5,0.01,99.67,isp_gamma
site_a,2026-09-07,100,91.3,13.3,0.12,99.95,isp_alpha
site_b,2026-09-07,200,200.9,17.6,0.24,99.63,isp_beta
site_c,2026-09-07,50,34.1,88.6,1.66,97.11,isp_alpha
site_d,2026-09-07,100,90.6,14.6,0.21,99.86,isp_gamma
site_a,2026-09-08,100,99.3,12.6,0.33,99.62,isp_alpha
site_b,2026-09-08,200,193.7,19.0,0.08,99.72,isp_beta
site_c,2026-09-08,50,31.7,60.6,0.91,97.85,isp_alpha
site_d,2026-09-08,100,97.3,14.4,0.34,99.86,isp_gamma
site_a,2026-09-09,100,98.5,15.4,0.22,100.0,isp_alpha
site_b,2026-09-09,200,191.5,12.5,0.38,99.73,isp_beta
site_c,2026-09-09,50,32.8,67.3,1.85,98.84,isp_alpha
site_d,2026-09-09,100,98.2,21.1,0.11,99.74,isp_gamma
site_a,2026-09-10,100,101.5,10.6,0.12,99.97,isp_alpha
site_b,2026-09-10,200,203.6,20.4,0.28,99.85,isp_beta
site_c,2026-09-10,50,32.4,64.0,1.62,99.02,isp_alpha
site_d,2026-09-10,100,98.7,10.8,0.23,99.77,isp_gamma
site_a,2026-09-11,100,100.7,12.9,0.14,99.89,isp_alpha
site_b,2026-09-11,200,183.5,5.8,0.38,99.54,isp_beta
site_c,2026-09-11,50,36.7,72.8,1.99,97.08,isp_alpha
site_d,2026-09-11,100,99.9,10.4,0.22,99.64,isp_gamma
site_a,2026-09-12,100,91.3,19.8,0.1,99.53,isp_alpha
site_b,2026-09-12,200,201.7,9.5,0.09,99.55,isp_beta
site_c,2026-09-12,50,30.8,63.6,1.86,96.87,isp_alpha
site_d,2026-09-12,100,101.6,24.6,0.06,99.83,isp_gamma
site_a,2026-09-13,100,100.6,14.5,0.26,99.88,isp_alpha
site_b,2026-09-13,200,186.9,10.7,0.02,99.88,isp_beta
site_c,2026-09-13,50,34.0,51.6,1.98,98.8,isp_alpha
site_d,2026-09-13,100,90.4,23.4,0.17,99.92,isp_gamma
site_a,2026-09-14,100,101.2,5.7,0.33,99.89,isp_alpha
site_b,2026-09-14,200,184.5,20.0,0.35,99.64,isp_beta
site_c,2026-09-14,50,27.9,54.9,1.71,99.01,isp_alpha
site_d,2026-09-14,100,94.0,14.1,0.26,99.76,isp_gamma
site_a,2026-09-15,100,100.7,7.7,0.2,99.64,isp_alpha
site_b,2026-09-15,200,199.4,11.6,0.29,99.82,isp_beta
site_c,2026-09-15,50,34.7,40.7,1.17,97.3,isp_alpha
site_d,2026-09-15,100,98.1,8.9,0.24,99.82,isp_gamma
site_a,2026-09-16,100,94.9,13.6,0.13,99.7,isp_alpha
site_b,2026-09-16,200,182.3,24.6,0.19,99.97,isp_beta
site_c,2026-09-16,50,27.6,59.2,1.39,97.22,isp_alpha
site_d,2026-09-16,100,94.0,16.6,0.23,99.63,isp_gamma
site_a,2026-09-17,100,94.3,9.7,0.27,99.73,isp_alpha
site_b,2026-09-17,200,183.8,18.7,0.37,99.94,isp_beta
site_c,2026-09-17,50,35.2,74.5,1.78,99.04,isp_alpha
site_d,2026-09-17,100,94.4,9.4,0.38,99.74,isp_gamma
site_a,2026-09-18,100,95.5,24.8,0.15,99.85,isp_alpha
site_b,2026-09-18,200,201.9,20.1,0.32,99.91,isp_beta
site_c,2026-09-18,50,35.1,74.0,1.69,98.63,isp_alpha
site_d,2026-09-18,100,96.3,15.6,0.14,99.96,isp_gamma
site_a,2026-09-19,100,91.3,21.6,0.36,99.6,isp_alpha
site_b,2026-09-19,200,192.9,8.3,0.34,99.72,isp_beta
site_c,2026-09-19,50,34.3,75.8,1.48,98.93,isp_alpha
site_d,2026-09-19,100,95.3,6.1,0.05,99.71,isp_gamma
site_a,2026-09-20,100,96.8,16.2,0.27,99.65,isp_alpha
site_b,2026-09-20,200,180.5,10.1,0.0,99.61,isp_beta
site_c,2026-09-20,50,28.2,61.2,1.9,97.96,isp_alpha
site_d,2026-09-20,100,90.7,22.9,0.39,99.74,isp_gamma
site_a,2026-09-21,100,93.4,8.6,0.05,99.82,isp_alpha
site_b,2026-09-21,200,197.5,24.3,0.15,99.95,isp_beta
site_c,2026-09-21,50,32.0,85.9,1.25,96.72,isp_alpha
site_d,2026-09-21,100,101.6,22.5,0.05,99.93,isp_gamma
site_a,2026-09-22,100,91.4,24.9,0.16,99.56,isp_alpha
site_b,2026-09-22,200,203.5,21.7,0.3,99.99,isp_beta
site_c,2026-09-22,50,32.1,76.0,1.35,97.52,isp_alpha
site_d,2026-09-22,100,92.8,14.2,0.06,99.59,isp_gamma
site_a,2026-09-23,100,100.5,20.3,0.01,99.83,isp_alpha
site_b,2026-09-23,200,194.8,23.7,0.36,99.62,isp_beta
site_c,2026-09-23,50,28.2,69.7,1.39,98.31,isp_alpha
site_d,2026-09-23,100,100.5,9.9,0.02,99.72,isp_gamma
site_a,2026-09-24,100,96.5,20.1,0.31,99.57,isp_alpha
site_b,2026-09-24,200,203.8,9.7,0.37,99.79,isp_beta
site_c,2026-09-24,50,33.3,78.6,2.14,97.14,isp_alpha
site_d,2026-09-24,100,100.5,24.7,0.21,99.71,isp_gamma
site_a,2026-09-25,100,93.3,16.1,0.24,99.87,isp_alpha
site_b,2026-09-25,200,184.2,18.6,0.22,99.52,isp_beta
site_c,2026-09-25,50,30.9,72.2,1.26,97.92,isp_alpha
site_d,2026-09-25,100,98.4,13.2,0.12,99.59,isp_gamma
